{
  "station_id": "2",
  "best_model": "xgboost",
  "xgboost_score": 0.5595844319233022,
  "lstm_score": 0.09687536954879761,
  "best_score": 0.5595844319233022,
  "created_at": "2025-07-10T14:50:14.103119",
  "xgboost_metrics": {
    "mae": 3.0726235837352514,
    "rmse": 4.469554113930115,
    "r2_score": 0.5595844319233022
  },
  "lstm_metrics": {
    "mae": 3.38450288772583,
    "rmse": 4.362059938812171,
    "r2_score": 0.09687536954879761
  }
}