{
  "station_id": 0,
  "best_model": "xgboost",
  "xgboost_score": 0.6537702536844837,
  "lstm_score": -28.338912963867188,
  "best_score": 0.6537702536844837,
  "created_at": "2025-07-10T14:50:14.113881",
  "xgboost_metrics": {
    "mae": 2.758572567210478,
    "rmse": 3.8798352024461598,
    "r2_score": 0.6537702536844837
  },
  "lstm_metrics": {
    "mae": 17.33629035949707,
    "rmse": 27.80814353170106,
    "r2_score": -28.338912963867188
  },
  "description": "Global best model for all stations"
}