{
  "station_id": "1",
  "best_model": "xgboost",
  "xgboost_score": 0.4454521832842938,
  "lstm_score": -39.763648986816406,
  "best_score": 0.4454521832842938,
  "created_at": "2025-07-10T14:48:41.007194",
  "xgboost_metrics": {
    "mae": 3.124342546650008,
    "rmse": 4.025655082355601,
    "r2_score": 0.4454521832842938
  },
  "lstm_metrics": {
    "mae": 43.11402130126953,
    "rmse": 48.08415982193356,
    "r2_score": -39.763648986816406
  }
}