{
  "timestamp": "2025-08-04T06:15:26.131771",
  "model_type": "monthly_timeseries_ensemble",
  "metrics": {
    "xgb": {
      "r2": -0.1889959234164862,
      "mae": 7.556732351515028,
      "rmse": 10.969411424406085
    },
    "rf": {
      "r2": -0.16721677166383997,
      "mae": 7.368327068301984,
      "rmse": 10.86848230164534
    },
    "ensemble": {
      "r2": -0.17107345427896803,
      "mae": 7.446882126900694,
      "rmse": 10.886423150429064
    }
  },
  "description": "Monthly time-series XGBoost and Random Forest models with proper seasonality",
  "feature_count": 6,
  "note": "Models trained with monthly seasonality features for 2003-2023 data",
  "features": [
    "wqi_lag_1",
    "wqi_lag_12",
    "wqi_ma_3",
    "wqi_ma_12",
    "sin_month",
    "cos_month"
  ]
}