{
  "lstm": {
    "r2": 0.9764727354049683,
    "mae": 0.7436659336090088,
    "rmse": 0.9924653632896777
  }
}