{
  "lstm": {
    "r2": 0.9762471914291382,
    "mae": 0.7497707009315491,
    "rmse": 0.9972110540608217
  }
}