{
  "lstm": {
    "r2": 0.9768868088722229,
    "mae": 0.7391985654830933,
    "rmse": 0.9836934773107013
  }
}