{
  "xgb_backtest": {
    "rmse": [
      0.6756826362164159,
      0.41839448881329816,
      0.5606746506849491,
      0.7857860690655715,
      0.31888122034677635
    ],
    "mae": [
      0.42745342799595426,
      0.2849694473024398,
      0.29102775210425935,
      0.2474397084069632,
      0.1560471126011439
    ],
    "r2": [
      0.9886569809143642,
      0.9949030854644741,
      0.9922909050889942,
      0.9862158726843242,
      0.9969547594804202
    ]
  },
  "rf_backtest": {
    "rmse": [
      0.41718333280424386,
      0.4202988494301935,
      0.6417418583379567,
      0.9050383804646375,
      0.0914836881548419
    ],
    "mae": [
      0.26577559523809385,
      0.18575892857140908,
      0.20734464285714782,
      0.19178432539683132,
      0.045681349206349676
    ],
    "r2": [
      0.9956758869031194,
      0.9948565817304742,
      0.9899004439122743,
      0.9817145934992718,
      0.9997493596186278
    ],
    "oob_r2": 0.9975710613286038
  }
}