{
  "xgb": {
    "r2": 0.9883953928947449,
    "mae": 0.20169904828071594,
    "rmse": 0.6343227073651757
  },
  "rf": {
    "r2": 0.9685446695772247,
    "mae": 0.5148697625060054,
    "rmse": 1.0443416153980924
  },
  "ensemble": {
    "r2": 0.9983902549604757,
    "mae": 0.17732489631958692,
    "rmse": 0.23625119082639034
  }
}