{
  "xgb": {
    "r2": 0.9761018386141587,
    "mae": 0.2113107130262591,
    "rmse": 0.9102856644232247
  },
  "rf": {
    "r2": 0.9685446695772247,
    "mae": 0.5148697625060054,
    "rmse": 1.0443416153980924
  },
  "ensemble": {
    "r2": 0.9978986824347488,
    "mae": 0.1733688125047546,
    "rmse": 0.2699238774688743
  }
}