{
  "xgb_backtest": {
    "rmse": [
      0.6756826362164159,
      0.41839448881329816,
      0.5606746506849491,
      0.7857860690655715,
      0.31888122034677635
    ],
    "mae": [
      0.42745342799595426,
      0.2849694473024398,
      0.29102775210425935,
      0.2474397084069632,
      0.1560471126011439
    ],
    "r2": [
      0.9886569809143642,
      0.9949030854644741,
      0.9922909050889942,
      0.9862158726843242,
      0.9969547594804202
    ]
  },
  "rf_backtest": {
    "rmse": [
      0.40339983800884766,
      0.4263615673127173,
      0.6431795126178858,
      0.9069172603594344,
      0.0907870835727774
    ],
    "mae": [
      0.26079206349206085,
      0.18832420634918967,
      0.20626091269841398,
      0.19127996031746608,
      0.04561349206349575
    ],
    "r2": [
      0.9959568990534692,
      0.994707126177233,
      0.9898551424141661,
      0.9816385928668516,
      0.9997531620997988
    ],
    "oob_r2": 0.9975696693757414
  }
}