{
  "xgb": {
    "r2": 0.9717511952981334,
    "mae": 0.2701123385959207,
    "rmse": 0.9896816013183872
  },
  "rf": {
    "r2": 0.9713265396673918,
    "mae": 0.4602384096266421,
    "rmse": 0.9970926434560522
  },
  "ensemble": {
    "r2": 0.997173488484224,
    "mae": 0.19402307013252892,
    "rmse": 0.3130551395155274
  }
}